Name,Address Line 1,Address Line 2,City,State,Postal Code,Contact Email,Credit Limit
John Smith,123 Maple Street,Apt 4B,Springfield,IL,62704,john.smith@example.com,5000
Maria Lopez,456 Oak Avenue,,Los Angeles,CA,90001,maria.lopez@example.com,7500
Ken Tanaka,789 Pine Road,,Seattle,WA,98101,ken.tanaka@example.com,6200
Amina Hassan,321 Birch Lane,,Atlanta,GA,30303,amina.hassan@example.com,8000
Liam O'Connell,85 Elm Street,Floor 2,Boston,MA,02108,liam.oconnell@example.com,4000
Chloe Nguyen,160 Cedar Blvd,,Dallas,TX,75201,chloe.nguyen@example.com,7000
Raj Patel,998 Spruce Drive,,Chicago,IL,60616,raj.patel@example.com,5500
Sofia Rossi,210 Redwood Street,Building B,Miami,FL,33101,sofia.rossi@example.com,6700